a4b0ed012c38ac87fa88931facb3e67fc7d66690,DELETE,executable,README.md,3787,
73d53f2b51bbe6c81957b342df627c6f4c147567,DELETE,executable,_config.yml,3267,
1838cb3381f7cf853fb34afbfb6d8d9caba521f5,DELETE,executable,_includes/carousel.html,1132,
9f189403a315730ef112158da377b730764c1f9c,DELETE,executable,_includes/clients.html,466,
757c3c911528539f33f0e0921cc660bdc482e3ea,DELETE,executable,_includes/css/style.css,14919,
92753751188c5ead06a8d43fa7f562c76791e0ae,DELETE,executable,_includes/footer.html,4238,
fed87513d45a9b3a77ca56aad4a7471b18da603e,DELETE,executable,_includes/head.html,1649,
1b33b15942b2d76a226893353150dddc5c5a85c0,DELETE,regular-file,_includes/header-video.html,1524,
5046a714079e9c17679506f17e32dc8b2e1df154,DELETE,executable,_includes/header.html,1760,
3d2715e625aa8459d3b628b97069c001b709ee00,DELETE,executable,_includes/js.html,2962,
da1fe99879c1da7ca2fdd88df5d92400f0ea1df2,DELETE,executable,_includes/members.html,1161,
1d52d42a7d75b946902b1a06b98d41cc9f1af418,DELETE,executable,_includes/nav.html,1450,
6c6cf7338e7e589b78193981eb4283d180436907,DELETE,regular-file,_includes/our-features.html,647,
63e3535732b5307ec2653197b767238dd7026caa,DELETE,executable,_includes/portfolio.html,1366,
36df07d2b5c8dd8cae3a7b073c12faa0e58e2902,DELETE,executable,_includes/sidebar.html,2072,
e0bf16615a5e8cc88020645d76c1ec09656b42b1,DELETE,regular-file,_includes/sign-up.html,364,
f589680f834294d9e53479ccfdcf0f1029473e9b,DELETE,executable,_includes/testimonial.html,2291,
32188e0521cc1e311113b4ea31b0560ad3d2fa2f,DELETE,executable,_includes/wrap.html,253,
991e1f4ee49775744541d8a841a4b5961aedee1c,DELETE,executable,_layouts/default.html,206,
614469e745cd35d0b420a5fcf45df45f1571b1af,DELETE,executable,_layouts/post.html,1066,
beacd39eec87622ea2797ce9744b3af1ffdbe85c,DELETE,executable,_layouts/project.html,932,
31324b99e06ec3566f4890af85f23d0e14f8253d,DELETE,executable,_layouts/question.html,865,
9ae2f7c7dffec30087d190c2bf127a4efd35e98b,DELETE,executable,_posts/blog/2014-04-25-logo-design-contest-starts-now.markdown,2454,
77323efa349e25559d993389f1eed347a2e1e709,DELETE,executable,_posts/blog/2014-04-25-our-new-logo-is-here.markdown,2445,
3560233ed38195c2bc27dc60b298924e6aedcc24,DELETE,executable,_posts/blog/2014-04-25-time-to-change-your-apps.markdown,2444,
ff602f2c497714018308802b4f61fd3d7730ba45,DELETE,executable,_posts/project/2014-04-15-your-project-name.markdown,883,
a2a162487545f6e02c17da6dbd3c14759815125a,DELETE,executable,_posts/project/2014-04-16-your-project-name.markdown,883,
d265ac21673cc0eadc3d36f977afb0ef19863510,DELETE,executable,_posts/project/2014-04-17-your-project-name.markdown,883,
303f69d655c983626a660eac0fd6ccb928fb5f89,DELETE,executable,_posts/project/2014-04-18-your-project-name.markdown,883,
81a661a52e3f078fcc5ddda60ae674e77c67b166,DELETE,executable,_posts/project/2014-04-19-your-project-name.markdown,883,
9e32016058d15f2c677dbe44ceb53cc2592b914d,DELETE,executable,_posts/project/2014-04-20-your-project-name.markdown,883,
45226740f2cd3588a53c5c0bff023c01620617b4,DELETE,executable,_posts/project/2014-04-21-your-project-name.markdown,883,
9f028a10d780b59e073c1328d870bbf45073525b,DELETE,executable,_posts/project/2014-04-22-your-project-name.markdown,883,
acb9aab9fefe98b829405b5af42f56f6897e9913,DELETE,executable,_posts/project/2014-04-23-your-project-name.markdown,883,
1d0815de9965ade353dbbec60063db56f1e1c927,DELETE,executable,_posts/project/2014-04-25-your-project-name.markdown,864,
41dc9cc5ae434cbb62e55fca5a5c86054c4adfca,DELETE,executable,_posts/question/2014-04-15-your-project-name.markdown,169,
3ea5d49542406fb2b5a091ce772238269d564014,DELETE,executable,about.html,1316,
7f36651961ed5bc42a712042c6db5493b4ce99e9,DELETE,executable,assets/css/bootstrap.css,121220,
449d6ac551a286a868c5f102b303dbf2ac527552,DELETE,executable,assets/css/font-awesome.min.css,17780,
8eaabc8f684f9d4f9a9697b3aa62191cf4dbb339,DELETE,executable,assets/css/hoverex-all.css,50809,
b28c1ef3d595d5af9db1f2a4378cfd64407ed5c0,DELETE,executable,assets/css/images/prettyPhoto/dark_rounded/btnNext.png,1411,
e0cd9c49af7fe2f6ab694843bdd3b90ce9217cb3,DELETE,executable,assets/css/images/prettyPhoto/dark_rounded/btnPrevious.png,1442,
50820eedd904647a76c4c2c1d830d4339588c08d,DELETE,executable,assets/css/images/prettyPhoto/dark_rounded/loader.gif,2545,
fb8c0f83d715aec1014b77f0b44002a07a635052,DELETE,executable,assets/css/images/prettyPhoto/dark_rounded/sprite.png,4076,
b28c1ef3d595d5af9db1f2a4378cfd64407ed5c0,DELETE,executable,assets/css/images/prettyPhoto/dark_square/btnNext.png,1411,
e0cd9c49af7fe2f6ab694843bdd3b90ce9217cb3,DELETE,executable,assets/css/images/prettyPhoto/dark_square/btnPrevious.png,1442,
50820eedd904647a76c4c2c1d830d4339588c08d,DELETE,executable,assets/css/images/prettyPhoto/dark_square/loader.gif,2545,
4fe354752455e070ebb56f42a60fc2233de45bd7,DELETE,executable,assets/css/images/prettyPhoto/dark_square/sprite.png,3507,
1a26e4b16e18db9e0979a6ba5ecb9e1e1c8753e5,DELETE,executable,assets/css/images/prettyPhoto/default/default_thumb.png,1537,
35d397c9e430c2ee8f1d95d8fe47da79a399e746,DELETE,executable,assets/css/images/prettyPhoto/default/loader.gif,6331,
5f07ddc5634198b21473e73a5f9e71b47c0e96fe,DELETE,executable,assets/css/images/prettyPhoto/default/sprite.png,6682,
379dc0d0d50b1d0f79b3266edf076753e2c35953,DELETE,executable,assets/css/images/prettyPhoto/default/sprite_next.png,1358,
1ee486514b9c4b3b36381fb0a3ecc3fe3a9f93ca,DELETE,executable,assets/css/images/prettyPhoto/default/sprite_prev.png,1376,
d4433ab0d6933357b0e91f6fc72662f1bda39f51,DELETE,executable,assets/css/images/prettyPhoto/default/sprite_x.png,1097,
7786ab5128c53a952830a3494898ee3ff5d00cf2,DELETE,executable,assets/css/images/prettyPhoto/default/sprite_y.png,1162,
e809c3b64219468c4c744a4d4f086460ee6c8d6f,DELETE,executable,assets/css/images/prettyPhoto/facebook/btnNext.png,845,
0812542cccfdfd9d1644ed721516c00fc6a03c24,DELETE,executable,assets/css/images/prettyPhoto/facebook/btnPrevious.png,828,
a9be3b2ca8c584eb5f717a04d9603b137ce9c337,DELETE,executable,assets/css/images/prettyPhoto/facebook/contentPatternBottom.png,142,
277c87a5ba5a6413ec862d5ee8a235cb5f316b55,DELETE,executable,assets/css/images/prettyPhoto/facebook/contentPatternLeft.png,137,
8b110bac6e18e6d4c51a18713ca7ee29f1d99629,DELETE,executable,assets/css/images/prettyPhoto/facebook/contentPatternTop.png,142,
2b1280f32756805aaa557cea32c70b05a2aa46b4,DELETE,executable,assets/css/images/prettyPhoto/facebook/default_thumbnail.gif,227,
7ac990cf04f2323f9723518bfd72ce102222cefa,DELETE,executable,assets/css/images/prettyPhoto/facebook/loader.gif,2545,
660a254f1930b0b376d5831b130ce436b4456f42,DELETE,executable,assets/css/images/prettyPhoto/facebook/sprite.png,4227,
b28c1ef3d595d5af9db1f2a4378cfd64407ed5c0,DELETE,executable,assets/css/images/prettyPhoto/light_rounded/btnNext.png,1411,
e0cd9c49af7fe2f6ab694843bdd3b90ce9217cb3,DELETE,executable,assets/css/images/prettyPhoto/light_rounded/btnPrevious.png,1442,
7ac990cf04f2323f9723518bfd72ce102222cefa,DELETE,executable,assets/css/images/prettyPhoto/light_rounded/loader.gif,2545,
7f283798127650c25c9085fb40d6ffda2dc2b49b,DELETE,executable,assets/css/images/prettyPhoto/light_rounded/sprite.png,4099,
b28c1ef3d595d5af9db1f2a4378cfd64407ed5c0,DELETE,executable,assets/css/images/prettyPhoto/light_square/btnNext.png,1411,
e0cd9c49af7fe2f6ab694843bdd3b90ce9217cb3,DELETE,executable,assets/css/images/prettyPhoto/light_square/btnPrevious.png,1442,
4fe354752455e070ebb56f42a60fc2233de45bd7,DELETE,executable,assets/css/images/prettyPhoto/light_square/sprite.png,3507,
6adced25537b312c1c6b2a5766cb6b45936c01e9,DELETE,executable,assets/css/prettyPhoto.css,19788,
afbb1ccd9c00a0037bb195e80b5bb37913373410,DELETE,regular-file,assets/docs/ABC_Model.pdf,391854,
62b18a24da2bc1eba4037252b69919d5594939ba,DELETE,regular-file,assets/docs/Anger_Diary.pdf,426178,
4fec93d29af4b4d92713fdfff2891526bde0c240,DELETE,regular-file,assets/docs/Behavioral_Activation.pdf,395212,
d77fa15312ce8181202be938ad7d45e074645e68,DELETE,regular-file,assets/docs/Child_intake_form.pdf,35157,
fec110c8df543e9fc291afd648f84911eacf25ca,DELETE,regular-file,assets/docs/Daily_Mood_Chart.pdf,370794,
b8411cbf24bcbfe94f1f9cf87e35765c0470bef7,DELETE,regular-file,assets/docs/Exposure_Hierarchy.pdf,372380,
57ce13e248f8f7d332538d199d6858c2f9101b13,DELETE,regular-file,assets/docs/Introduction_to_Anxiety.pdf,303927,
9e38c24d94d96475511d36faaccd1b332764e04f,DELETE,regular-file,assets/docs/No_Harm_Contract.pdf,36119,
8b0f54e47e1d356dcf1496942a50e228e0f1ee14,DELETE,executable,assets/fonts/FontAwesome.otf,62856,
7c79c6a6bc9a128a2a8eaffbe49a4338625fdbc2,DELETE,executable,assets/fonts/fontawesome-webfont.eot,38205,
45fdf33830123533459b17fbbf91735489fd6bd8,DELETE,executable,assets/fonts/fontawesome-webfont.svg,202148,
e89738de5eaf8fca33a2f2cdc5cb4929caa62b71,DELETE,executable,assets/fonts/fontawesome-webfont.ttf,80652,
8c1748aab7a790d510fb3f42a8a8971d96efa79d,DELETE,executable,assets/fonts/fontawesome-webfont.woff,44432,
4a4ca865d67e86f961bc6e2ef00bffa4e34bb9ed,DELETE,executable,assets/fonts/glyphicons-halflings-regular.eot,20335,
e3e2dc739dd851f2d7d291be032e30b909e3e95f,DELETE,executable,assets/fonts/glyphicons-halflings-regular.svg,62927,
67fa00bf83801d2fa568546b982c80d27f6ef74e,DELETE,executable,assets/fonts/glyphicons-halflings-regular.ttf,41280,
8c54182aa5d4d1ab3c9171976b615c1dcb1dc187,DELETE,executable,assets/fonts/glyphicons-halflings-regular.woff,23320,
717d6067105040d4948657f9d14281eae1413049,DELETE,executable,assets/img/Logo1.png,5364,
1154041b8568ddc2a91a446aaa6bf15bd38fafb8,DELETE,regular-file,assets/img/abc_model.png,18724,
bdc30e4a026d344ba16dab70335f2bc84478b971,DELETE,executable,assets/img/about.jpg,170409,
35dba9ca82204ea2f712496ebbdc859686b206c5,DELETE,regular-file,assets/img/anger_diary.png,27895,
c2b2a504e61cab77499a0f4020c65ce55d7f4f7a,DELETE,regular-file,assets/img/behavioral_activation.png,24530,
00587e5ff8c56a024b491277c1084f43b1f40359,DELETE,executable,assets/img/blog/post01.jpg,66956,
8bc50d459bcf60aff614c19c56fecad4f81c6218,DELETE,executable,assets/img/blog/post02.jpg,51441,
37515c3e37ffd44cff5777a3418672e758960f53,DELETE,executable,assets/img/blog/post03.jpg,59382,
e6aa43b0a9de072a83950f8027d699e9a8b3ef3e,DELETE,executable,assets/img/blog/thumbs/thumb01.jpg,18751,
ab45e695cd4ea9be6c79daa47cd8668a77ec504f,DELETE,executable,assets/img/blog/thumbs/thumb02.jpg,12245,
a626417dc655cb229488ffed85879fffa18341c7,DELETE,executable,assets/img/blog/thumbs/thumb03.jpg,12768,
121ef0af15a7b26ef8f0190a4009ddf05990b99f,DELETE,executable,assets/img/blog/thumbs/thumb04.jpg,11111,
a511531ba167252771286c1ebb4adb37560ca855,DELETE,executable,assets/img/browser.png,215866,
0aa3fcd8747cb1b567c35139da9b3ee0bc3f7f18,DELETE,executable,assets/img/clients/client01.png,8150,
53c6ce8f4fe8e343e7a642aea1f3b1fbbddd7a60,DELETE,executable,assets/img/clients/client02.png,5036,
642cffa1422be4a4b17637051500c38e85791f11,DELETE,executable,assets/img/clients/client03.png,4296,
3e7f885f407463a7ce9254fc1eddd6ab589353a3,DELETE,executable,assets/img/clients/client04.png,6169,
9580744bda5f47f6b273b3ae91998714c842cbf4,DELETE,executable,assets/img/contact.jpg,355009,
52ece6c3c512a47f054e0fe58905bc69f354cedb,DELETE,regular-file,assets/img/daily_mood_chart.png,21961,
ca5c1486f56591783c3adb1f3d7efcdcd9a43449,DELETE,regular-file,assets/img/exposure_hierarchy.png,16224,
bebc9ddba5d80c57b2be75c7bb340820610a7e07,DELETE,regular-file,assets/img/favicon.ico,1150,
9bfee9fb31b6fbc5739e4900d927c8aaf3cbf73e,DELETE,regular-file,assets/img/features-mental-health-software-analytics.png,136884,
9245cba2b47094175e158f77d210c2f833b50a5d,DELETE,regular-file,assets/img/features-mental-health-software-calendar.png,157859,
a24f7c6b10b00e35cf31fc92a77a2a312669c3ac,DELETE,regular-file,assets/img/features-mental-health-software-dashboard.png,152791,
e40ab3d79c7c4e40e683cc2f99d1f76de4c51101,DELETE,regular-file,assets/img/features-mental-health-software-invoice.png,63229,
9db67e3443c1151903645f76f4045f2b39ec0640,DELETE,regular-file,assets/img/features-mental-health-software-notes.png,82199,
f1db41f0b03ad9d5233527dbd61ec831834fbd80,DELETE,regular-file,assets/img/features-mental-health-software-support.png,132793,
c80b37f0e1deb867f3b9f37f70e504a493736bdb,DELETE,regular-file,assets/img/intro_to_anxiety.png,19669,
73c64f3d77ee1cf23e4a53f3c4c7ed7c98a0cc28,DELETE,executable,assets/img/members/team01.jpg,247647,
6a3d5f33a3d72a7e3d95d6391e00cdab7cdee9a2,DELETE,executable,assets/img/members/team02.jpg,158630,
de5e06073364525c9d3b6cd8f0ebbfeaeb36592e,DELETE,executable,assets/img/members/team03.jpg,183819,
ee670c4afa86788b06ce0e1f2dbe98be23b9ff35,DELETE,executable,assets/img/members/team04.jpg,174040,
bb4af29eb12f93abf6fd0d1494d3735783e7e26c,DELETE,regular-file,assets/img/mental-health-software-dashboard.jpg,3926119,
77d050bd4d75cc9a056bc9cef7726314c58df9ef,DELETE,regular-file,assets/img/mental-health-software-tutorial-video.png,117724,
988d432536ef56404bb91ba60b2f5030583b80fc,DELETE,executable,assets/img/project/carousel/single01.jpg,115091,
ceb2db09bf242d199fae4fe6ed8d394d65351d5f,DELETE,executable,assets/img/project/carousel/single02.jpg,109294,
0e2340d2f87fdaba48896853258fd0cde9cba8c0,DELETE,executable,assets/img/project/carousel/single03.jpg,92782,
87dcc421f649b5cfe960e90a5e4d72a4fc9f4b7b,DELETE,executable,assets/img/project/portfolio_01.jpg,39249,
0234d074626806a5999b53a3569b16ca7a5295f9,DELETE,executable,assets/img/project/portfolio_02.jpg,81194,
a9269ddf8c0c27c3d1ab8bcde0962a11a86ba5b8,DELETE,executable,assets/img/project/portfolio_03.jpg,83259,
4da650904b4a640c9c763dc28480520789720690,DELETE,executable,assets/img/project/portfolio_04.jpg,74382,
e254ac63f2514f21591f331dee6da3344d6aa09c,DELETE,executable,assets/img/project/portfolio_05.jpg,52365,
25013176f4dbdaf1e98fbb8a0e0e33f186c72aa3,DELETE,executable,assets/img/project/portfolio_06.jpg,109239,
60a33f02abc02cec26303fa340ab024af1f46d33,DELETE,executable,assets/img/project/portfolio_07.jpg,54124,
c224e61bf554bf3c1994381e69cfadbec86651ec,DELETE,executable,assets/img/project/portfolio_08.jpg,49061,
cd055ed1d61753b8637597559066bf759284dc30,DELETE,executable,assets/img/project/portfolio_09.jpg,111245,
fddd6420e5ef11327ea9ab3e05222f02ff12221a,DELETE,executable,assets/img/project/portfolio_10.jpg,66187,
0450231975b7ac72694c8761dfefcdebc827c9b8,DELETE,executable,assets/img/t-back.jpg,190446,
7c55f69ad22ef2f664e431a5aa5335c2aa1ef27c,DELETE,executable,assets/img/t-back1.jpg,246480,
b04a0e82fffee109e8cd5e48b3f3aa2a9b2aceff,DELETE,executable,assets/js/bootstrap.min.js,29110,
d7ee2f28045cb5b5aeaee02e269ed598dd36b96f,DELETE,executable,assets/js/custom.js,552,
f5cace1153abb6c9e25bb6a65093c344bff030df,DELETE,regular-file,assets/js/html5lightbox.js,57909,
aa59c1158584cd996e82ee95e335805b50b5ed3e,DELETE,executable,assets/js/jquery.hoverdir.js,5307,
02edbad782e3098e564abbfc655b52f62920d7a0,DELETE,executable,assets/js/jquery.hoverex.min.js,3768,
ea4afadaf6a7dfe119c42c9357a87f41a0f23b57,DELETE,executable,assets/js/jquery.isotope.min.js,16033,
198b3ff07d801dffa2c42fcf3b67eb3295eef85f,DELETE,regular-file,assets/js/jquery.js,93868,
d958202a428da81a7f26c05e7ef570c31f40b047,DELETE,executable,assets/js/jquery.prettyPhoto.js,22060,
0f17fbb60f0adac84325c41c1d2a4ab6ba2666a0,DELETE,executable,assets/js/retina-1.1.0.js,3995,
b8f27dc431114ce926979c1438dfa1645296711c,DELETE,executable,blog.html,1036,
b4176258f148487b57f2a54a1c84c9826fd0bbb2,DELETE,executable,category.html,1265,
661575cc8c5dbfc21004a96a09066244ac4649b8,DELETE,executable,contact.html,3208,
434750077f0b7de0440cd0a481055082a2616eae,DELETE,regular-file,faq.html,6787,
3da628f7181039b07c567c07236dc38c493fc2df,DELETE,regular-file,features.html,4030,
c88e153213da52351bacf93874f7f76428467928,DELETE,executable,feed.xml,1335,
6efa2d40b9366b7ec2d85c394abc7a55dd1f6d46,DELETE,executable,index.html,4770,
fb01a7da10b74c4f9f5c3952b68ea67ecfdfc0ce,DELETE,regular-file,mental-health-software.html,1260,
bb906978b86ec001021c3da0eff638a89669d49d,DELETE,executable,portfolio.html,392,
b5fc63d60c7894f27c25705ba314f752fe63e578,DELETE,regular-file,privacy.html,7208,
3c7a3f875f8a12f1fb5232f07fa062ec04ebe7b8,DELETE,regular-file,private-practice-software-for-mental-health.html,1448,
da3e03a0d6c59109e23774ece435d2888871d956,DELETE,regular-file,resources.html,5262,
5d8c436bf75c586b540ced9073a38273f28db0a4,DELETE,regular-file,social-service-software.html,1149,
199fe8d79bbec107d3610ce079684fd336b1fee0,DELETE,regular-file,terms.html,38358,
654a742b2b5b284713cd0db650c2b06c7af3d6a2,DELETE,regular-file,therapy-notes-software-for-mental-health.html,1271,
e01abfc92665326b3596db4cd07b1ee7334deefd,DELETE,regular-file,webinars.html,1892,